word,antonim
abadi,sementara
abai,hirau
abang,adik
abdi,"kamu, juragan"
abnormal,normal
abnormalitas,"kenormalan, normalitas"
absah,ilegal
absen,hadir
absensi,kehadiran
absolut,"demokratis, nisbi, relatif"
abstrak,konkret
acak,tertentu
acak-acakan,kadangkala
adik,"abang, kakak"
adil,"berat, sebelah, timpang"
adopsi,menelantarkan
adu domba,mendamaikan
agung,kecil
ajaib,normal
ajudan,tuan
akal-akalan,sungguh-sungguh
akhir,awal
akhirnya,"awalnya, mulanya"
akrab,"jauh, renggang"
aktif,pasif
aktual,"abstrak, basi, lama"
aku,"engkau, kamu"
alem,mencela
alit,besar
aman,huru-hara
amanah,khianat
ambil,simpan
amoral,bermoral
amuk,tenang
aneh,"biasa, normal"
aneka,tunggal
angguk,menggeleng
anggur,bekerja
angin-anginan,penyabar
angkuh,"rendah, hati"
angsur,tunai
antagonis,teman
anteng,"jahil, lasak"
antero,sebagian
antik,modern
antonim,sinonim
antusias,apatis
apes,mujur
aram,terang
arkais,modern
artifisial,"asli, tulen"
asin,tawar
asli,"palsu, asing"
asusila,bermoral
atas,bawah
atasan,bawahan
awal,akhir
awalan,akhiran
awut,mengatur
awut-awutan,"rapi, hati-hati"
ayah,ibu
azab,nikmat
badaniah,rohaniah
bagak,"kecil, hati"
bagus,"jelek, buruk"
bahagia,sedih
bahari,modern
baik,buruk
baka,fana
bakar,memadamkan
balela,mematuhi
balik,pergi
bang,adik
bangat,lamban
bangir,pesek
bangkang,menurut
bangkit,tidur
bangsawan,proletar
bantah,menurut
banyak,sedikit
bapak,ibu
baru,lama
basah,kering
bata-bata,lancar
batin,jasmani
batiniah,jasmaniah
bawah,atas
bawahan,atasan
bebal,pintar
bebas,terkungkung
bejat,alim
beku,cair
belakang,depan
beleter,pendiam
belia,renta
belok,lurus
benar,salah
benci,suka
bengkalai,memedulikan
bengkok,lurus
bening,keruh
berada,miskin
beradab,biadab
beragama,ateis
berair,kering
berakal,bodoh
berakhir,terawal
berangkat,datang
berani,takut
berantak,merapikan
berantakan,rapi
beraturan,berantakan
berawal,berakhir
berbaikan,bermusuhan
berbalah,berdamai
bercabang,lurus
bercahaya,suram
bercakap-cakap,"berdiam, diri"
bercampur,berpisah
bercampuran,bercerai-berai
bercerai,bersatu
bercerai-berai,bersatu-padu
bercuti,bertugas
berdaki,bersih
berdamai,bermusuhan
berdampingan,berjauhan
berdekatan,berjauhan
berdempetan,berenggangan
berdesakan,berlapang
berdinas,pensiun
berduka,bergembira
berdukacita,bersukacita
berekan,bermusuhan
berganda,berkurang
bergembira,bersedih
bergerak,"mati, padam"
bergeser,berdiam
berhampiran,berjauhan
berhasil,gagal
berhijrah,menetap
beri,terima
berjalan,berhenti
berjalur-jalur,polos
berjumpa,berpisah
berkah,musibah
berkawan,bermusuhan
berkawin,bercerai
berkecukupan,miskin
berkurang,bertambah
berlaba,merugi
berlabuh,berlayar
berlaga,berdamai
berlama-lama,cepat-cepat
berlebih,"kurang, longgar"
berlelah-lelah,berleha-leha
berlepas,datang
bermacam-macam,sejenis
bermesra,berselisih
bermitra,lawan
bermusuhan,"berteman, bersahabat"
berpasangan,tunggal
berpencaran,"berhimpun, bersatu"
berpengetahuan,jahil
berpisah,bersatu
bersantai,"bekerja, keras"
bersarak,berujuk
bersatu,perseorangan
bersauh,berlayar
bersayangan,berbenci-(benci)an
bersebar,bersatu
berseberangan,bersepakat
bersedia,"menolak, berlengah"
bersedih,bergembira
bersekutu,bermusuhan
bersemuka,berpunggungan
bersenang hati,"bersedih, hati"
bersengketa,berdamai
bersepakat,bertentangan
berseteru,bersahabat
bersetuju,menolak
bersih,kotor
bersukacita,berdukacita
bersungguh-sungguh,bermain-main
bertaburan,teratur
bertanya,menjawab
bertaut,terbuka
bertautan,berlepasan
bertekak,menolak
bertelanjang,bertutup
berteman,bermusuhan
bertempur,berdamai
bertemu,berpisah
bertenaga,loyo
bertengkar,berdamai
bertentangan,"bersepakat, berdamai, bersesuaian"
berumur,belia
besar,kecil
betina,jantan
betul,salah
biadab,beradab
biasa,istimewa
binasa,lestari
bineka,tunggal
bising,senyap
bodoh,pandai
bohong,jujur
bohong-bohongan,asli
bolos,hadir
boncel,bongsor
bongsor,boncel
boros,irit
bos,"anak, buah"
brilian,bodoh
buang,pungut
buas,jinak
bubar,bersatu
budak,"juragan, dewasa"
bugar,lesu
buka,tutup
bukan,ya
bumiputra,pendatang
buncit,pertama
bunda,ayahanda
buruk,baik
busuk,segar
butek,jernih
butut,bagus
cabang,"batang, pusat"
cabul,bermoral
cabut,memasukkan
cacat,"baik, normal"
cacatan,pujian
caci,sanjung
cacian,sanjungan
cair,"beku, pekat"
cakap,ceroboh
camar,"duka, jarang, benci"
cantik,jelek
cedera,pulih
cekal,melepaskan
cekat,lamban
cekcok,rukun
ceking,gendut
cekung,cembung
celaka,selamat
celik,tidur
cemar,bersih
cembung,cekung
cemerlang,"gelap, dungu"
cenangga,normal
cendekia,dungu
cenderung,ringan
centang,"bersatu, padu"
cepat,lambat
cerah,"gelap, muram"
cerca,puji
cerdas,bodoh
cerdik,dungu
cerewet,pendiam
ceria,"muram, bernoda, sedih"
ceriwis,pendiam
ceroboh,telaten
cewek,cowok
ciprat,mengguyur
congkak,"rendah, hati"
cocok,salah
cowok,"cak, cewek"
cuek,acuh
culas,jujur
cuma-cuma,bayar
curam,landai
curang,jujur
curiga,percaya
dahulu,sekarang
daif,mulia
daki,menurun
damai,"kacau, balau, rusuh"
damping,renggang
dangkal,dalam
daratan,lautan
datang,pergi
debit,kredit
debitor,kreditur
definitif,taktentu
defisit,surplus
deflasi,inflasi
degil,penurut
degradasi,gradasi
dekam,bebas
dekat,jauh
dekil,bersih
deklinasi,inklinasi
dempak,runcing
dempet,renggang
dependen,"independen, bebas"
depresi,kebahagiaan
depresiasi,apresiasi
deras,lambat
dermawan,kikir
desa,kota
deselerasi,akselerasi
destruksi,pembangunan
destruktif,konstruktif
difusi,pengumpulan
dingin,panas
diri,terbaring
disintegrasi,pernyatuan
disonansi,harmoni
distributor,pengecer
dobel,tunggal
donor,penerima
dosen,mahasiswa
drop,naik
duda,janda
duduk,berdiri
duka,gembira
dukacita,sukacita
dungu,"pandai, pintar"
dunia,akhirat
dupleks,simpleks
duplikat,asli
dusta,benar
dusun,kota
dwibahasa,ekabahasa
edan,waras
efisien,inefisien
efisiensi,inefisiensi
egois,pluralis
ejek,memuji
ekonomis,boros
ekor,kepala
eksak,non-eksak
eksklusif,inklusif
eksplisit,implisit
ekspres,lambat
ekstensif,parsial
eksterior,interior
ekstra,intra
ekstrem,moderat
elastis,kaku
elastisitas,kekakuan
elite,proletar
elok,buruk
emak,bapak
empuk,keras
encer,"pekat, sulit, bodoh"
epilog,prolog
erat,renggang
fardu,sunah
feminin,maskulin
fenomenal,modern
fertil,infertil
fertilitas,infertilitas
finis,start
firdaus,neraka
fleksibel,kaku
fleksibilitas,kekakuan
formal,nonformal
fotokopi,asli
futur,lampau
gadis,(je)jaka
gagal,berhasil
gagap,lancar
gancang,lamban
ganda,tunggal
ganjil,genap
ganti,"tetap, tetap, pakai"
garap,membiarkan
gasal,genap
gede,kecil
gembira,sedih
gembrot,kerempeng
gendut,kurus
gesit,lamban
grup,perseorangan
gulita,benderang
gundah,riang
gundul,lebat
guru,murid
gusar,senang
gusur,membangun
habis,bersisa
hadir,absen
hak,kewajiban
halal,haram
haluan,buritan
halus,kasar
hamba,kamu
hancur,utuh
hangat,sejuk
haram,halal
harmoni,disharmoni
harmonis,disharmonis
harum,busuk
hebat,biasa
heboh,tenang
hemat,boros
hembus,isap
hening,"bising, riuh"
heterogenitas,homogenitas
hiruk,sunyi
homogen,heterogen
hulu,hilir
hunjam,menghunus
ibu,bapak
identik,berbeda
ikhwan,musuh
ilegal,legal
ilmiah,khayal
imitasi,asli
implisit,eksplisit
impor,"ekspor, mengekspor"
impresif,sederhana
impuls,penolakan
indisiplin,disiplin
inefisien,efisien
inefisiensi,efisiensi
inferior,superior
informal,formal
ingat,lupa
inklusif,eksklusif
inkompetensi,kompetensi
inkonsisten,konsisten
inkonsistensi,konsistensi
inkonvensional,konvensional
interior,eksterior
internal,eksternal
internasional,nasional
intervensi,"lepas, tangan"
intim,renggang
intrinsik,ekstrinsik
irit,boros
istimewa,biasa
istri,suami
jaga,tidur
jahat,baik
jaja,"menyimpan, menimbun"
jaka,dara
jalang,jinak
janda,duda
jasmani,rohani
jawab,tanya
jawaban,pertanyaan
jazirah,teluk
junam,menjulang
junior,senior
kabur,jelas
kalah,menang
kanak-kanak,dewasa
kanan,kiri
kasar,halus
kawan,musuh
kawin,cerai
kaya,miskin
keabadian,kefanaan
keadilan,ketakadilan
keaiban,kemuliaan
keakraban,kerenggangan
keaktifan,kepasifan
keanehan,kebiasaan
keanekaan,ketunggalan
keangkuhan,"kerendahan, hati"
kebagusan,kejelekan
kebahagiaan,kesedihan
kebebasan,kungkungan
kebencian,kesukaan
kebeningan,kekeruhan
keberadaan,ketiadaan
keberagaman,keseragaman
keberangkatan,kedatangan
keberhasilan,kegagalan
kebisingan,kesenyapan
kebisuan,kebisingan
kebodohan,kepandaian
kebohongan,kejujuran
keburukan,kebaikan
kecantikan,kejelekan
kecekatan,kelambanan
kecelakaan,keselamatan
kecendekiaan,kedunguan
keceriaan,kemuraman
kecermatan,kelalaian
kecetekan,kedalaman
kecil,besar
kecintaan,kebencian
kecongkakan,kerendahhatian
kecurangan,kejujuran
kedaifan,kemulian
kedalaman,kedangkalan
kedamaian,kekacauan
kedatangan,keberangkatan
kedermawanan,kekikiran
kedinginan,kepanasan
kedukaan,kegembiraan
kedukacitaan,kesukacitaan
kedunguan,"kepandaian, kepintaran"
kedustaan,kebenaran
keelokan,keburukan
keeratan,kerenggangan
kegagalan,keberhasilan
keguyuban,keretakan
kehadiran,kemangkiran
kehalusan,kekasaran
kehebohan,ketenangan
keheningan,"kebisingan, keriuhan"
kehomogenan,keheterogenan
kejahatan,kebaikan
kejayaan,"kejatuhan, keruntuhan"
kejujuran,kecurangan
kekecilan,kebesaran
keketatan,kelonggaran
kekurangan,kelebihan
kelabilan,kestabilan
kelainan,normal
kelebihan,kekurangan
kelemahan,kelebihan
kelengangan,keramaian
kelenturan,kekakuan
keliru,benar
keluar,masuk
keluwesan,kekakuan
kemajemukan,"kehomogenan, homogenitas"
kemajuan,kemunduran
kemalangan,kemujuran
kemandirian,ketergantungan
kemandulan,fertilitas
kemantapan,"instabilitas, ketakstabilan"
kemaslahatan,kemudaratan
kematian,kehidupan
kembung,kempis
kemiskinan,kekayaan
kempis,kembung
kemudahan,"kesulitan, kesukaran, kesusahan"
kemunafikan,kejujuran
kemunduran,kemajuan
kemurungan,keceriaan
kenakalan,"kealiman, kepatuhan"
kencang,lambat
kental,cair
kepandiran,kepandaian
kepanikan,ketenangan
kepapaan,"kekayaan, kemewahan"
kepelikan,kemudahan
kepenatan,kebugaran
kependekan,kepanjangan
kepergian,kedatangan
kepintaran,kebodohan
kepuasan,kekecewaan
kepudaran,ketenaran
keraguan,keyakinan
kerajinan,kemalasan
keramaian,keheningan
kerendahan,"tegak, seimbang"
kerugian,keuntungan
kesangsian,keyakinan
kesayuan,kegembiraan
kesederhanaan,"kecanggihan, kerumitan"
kesedihan,kegembiraan
kesenangan,kesedihan
kesengsaraan,kesenangan
kesenyapan,kebisingan
keseragaman,"kebinekaan, keberagaman"
kesesuaian,ketimpangan
kesombongan,kerendah-hatian
kesukaran,kemudahan
kesuksesan,kegagalan
kesulitan,kemudahan
ketebalan,kelemahan
ketenangan,"kebisingan, kerusuhan"
keterusterangan,kebohongan
ketololan,kecerdikan
keuniversalan,kekhususan
keuntungan,kerugian
keutuhan,kerumpangan
kewanitaan,maskulin
kewaspadaan,kelalaian
keyakinan,"keraguan, kesangsian"
kezaliman,kebaikan
khas,umum
khusus,umum
khusyuk,main-main
kikir,dermawan
kiri,kanan
komedi,tragedi
konkret,abstrak
konotasi,denotasi
konotatif,denotatif
konsisten,inkonsisten
kontroversi,selaras
kredibilitas,keraguan
kreditor,debitur
kualitas,kuantitas
kuantitas,kualitas
laba,rugi
labil,stabil
labilitas,stabilitas
lahiriah,batiniah
lajang,menikah
laju,lambat
laki,perempuan
laki-laki,perempuan
lalai,acuh
lama,baru
lamat-lamat,jelas
lamban,cekatan
lambat,cepat
lambat-lambat,cepat-cepat
lambung,menurun
lampau,kini
lancar,terhambat
lancip,tumpul
langgeng,fana
langsing,gemuk
langsung,berhenti
lanjut,"muda, tunda"
lantik,mencopot
lara,gembira
larang,mengizinkan
lawas,"baru, modern, muda"
lazim,"aneh, ganjil"
lebat,jarang
lebih,kurang
lecek,rapi
lemah,kuat
lemas,bugar
lembah,bukit
lembang,kering
lempeng,belok
lengang,"ramai, penuh"
lenyap,muncul
lestari,fana
lesu,segar
liar,jinak
liat,rapuh
licik,lurus
lidah,gagap
lincah,lemas
logis,irasional
lokal,internasional
loyo,segar
luar,dalam
luas,sempit
lunak,padat
lunglai,segar
lupa,ingat
lurus,bengkok
lusuh,rapi
luwes,kaku
macet,lancar
majal,tajam
majemuk,tunggal
majir,subur
makcik,pakcik
makmum,imam
makrokosmos,mikrokosmos
maksimal,minimal
maksimum,minimum
malam,siang
malang,mujur
malas,"rajin, cekatan"
malu,berani
mama,papa
mamang,tenang
mambung,"berisi, berdaging"
mampal,runcing
mampat,berongga
mancung,pesek
mandek,berjalan
mandiri,bergantung
mandul,"fertil, subur"
manfaat,"mudarat, rugi"
manggak,tamadun
mangkak,"kecil, hati"
manja,"dewasa, mandiri"
mantap,bimbang
mantiki,irasional
mapan,goyah
mara,mundur
marak,"sepi, padam"
mas,embak
masak,"mentah, muda"
maskulin,feminim
maslahat,mudarat
masuk,keluar
masukan,keluaran
masyhur,"biasa, kebanyakan"
matang,"mentah, muda"
mati,"hidup, bernyawa"
mau,"enggan, sungkan"
maya,nyata
mayor,minor
mayoritas,minoritas
medit,"derma, murah, hati"
megah,sederhana
melalaikan,mengacuhkan
melandai,menanjak
melar,ciut
melawan,mendukung
melebur,memadat
meleburkan,memadatkan
melek,"buta, huruf, niraksara"
melekat,melepas
melekatkan,melepaskan
melemah,menguat
melengserkan,melantik
melenyapkan,memunculkan
melepas,mengikat
melepaskan,mengungkung
meluas,menyempit
meluaskan,menyempitkan
melupakan,mengingatkan
memacetkan,melancarkan
memadai,kurang
memadamkan,"menyalakan, menyulut"
memaksimalkan,meminimalkan
memanaskan,mendinginkan
memanjang,memendek
memanjangkan,memendekkan
memarani,menjauhi
memasukkan,mengeluarkan
memasung,membebaskan
mematikan,"menghidupkan, menyalakan"
mematuhi,melanggar
membahagiakan,menyengsarakan
membalutkan,menanggalkan
membangkitkan,menidurkan
membanyak,menyedikit
membasahi,mengeringkan
membebaskan,mengurung
membeku,mencair
membekukan,mencairkan
membelakangkan,mengutamakan
membelenggu,melepaskan
membeli,menjual
membelokkan,meluruskan
membenci,menyukai
membengkokkan,meluruskan
membeningkan,mengaburkan
memberatkan,meringankan
memberi,menerima
memberkaskan,menguraikan
membersihkan,mengotori
membesar,mengecil
membesarkan,mengecilkan
membetulkan,menyalahkan
membolehkan,melarang
membuang,memungut
membubarkan,menyatukan
membujuk,menjauhi
membuka,menutup
membukankan,mengiakan
membuncit,mengempis
membuntuti,mendahului
memecah belah,menyatukan
memedulikan,membiarkan
memekatkan,mengencerkan
memelihara,membiarkan
memendek,memanjang
memendekkan,memanjangkan
meminggir,menengah
meminggirkan,menengahkan
memisahkan,menyatukan
mempan,mangkir
mempelajari,mengajar
memper,beda
memperbagus,memperburuk
memperbalahkan,memperdamaikan
memperbanyak,mengurangkan
mempercantik,memperjelek
mempercepat,memperlambat
memperkencang,memperlambat
memperpanjang,memperpendek
mempersingkat,memperpanjang
mempertemukan,perpisahan
mempertentangkan,mempersatukan
mempreteli,"memasang, melengkapi"
memukang-mukang,menyabung-nyambung
memulai,mengakhiri
memunculkan,menenggelamkan
memundurkan,memajukan
memunguti,menaburi
memutus,menyambung
memutuskan,menyambungkan
menaik,menurun
menaiki,menuruni
menaikkan,menurunkan
menajamkan,menumpulkan
menamatkan,memulai
menambah,mengurangkan
menambahi,mengurangi
menambahkan,mengurangkan
menampung,membuang
menanam,menggali
menancapkan,mencabut
menandangi,meninggalkan
menang,kalah
menanggalkan,memakaikan
menanggapi,membiarkan
menangis,tertawa
menangisi,menertawai
menangkup,"membuka, menelentang"
menangkupkan,menelentangkan
menanjak,menurun
menata,memberantakkan
mencacat,memuji
mencacati,kesempurnaan
mencaci,menyanjung
mencagarkan,menebus
mencair,membeku
mencairkan,membekukan
mencampur,memisah
mencampurkan,memisahkan
menceng,lurus
mencepol,memasang
mencerahkan,"menggelapkan, memuramkan"
menceraiberaikan,menyatupadukan
menceraikan,menyatukan
mencerca,memuji
menceriakan,"memuramkan, menodai"
mencermatkan,memboroskan
mencintai,membenci
mencipratkan,mengguyurkan
menciut,mengembang
mencla-mencle,"tetap, hati, konsisten"
mencong,tegak
mencopot,memasang
mencopoti,memasangi
mencurahkan,memendam
mencuram,melandai
mencurigai,memercayai
mendahulukan,mengesampingkan
mendaifkan,memuliakan
mendampingkan,merenggangkan
mendarat,"lepas, landas, berlayar, melaut"
mendatangi,meninggalkan
mendegil,menurut
mendekat,menjauh
mendekatkan,menjauhkan
mendempet,merenggang
mendempetkan,merenggangkan
mendepak,"memilih, merangkul"
mendirikan,"membubarkan, meruntuhkan"
mendistribusikan,mengumpulkan
mendongak,menunduk
mendongakkan,menundukkan
mendorong,"menarik, melemahkan"
mendukacitakan,menyukacitakan
mendung,cerah
mendungukan,memandaikan
menebal,"menipis, melemah"
menebalkan,"menyamarkan, menjarangkan, menipiskan, melemahkan"
menegah,"mengizinkan, membebaskan"
menegang,mengendur
menelanjangi,menutup
menelantarkan,memelihara
menempelkan,mencopot
menemui,meninggalkan
menengahi,mengadukan
menentang,menurut
menenteramkan,memperunyam
menepati,memungkiri
menerangi,"menggelapi, menyesatkan"
menerikkan,melonggarkan
menerima,"memberi, dan, menolak"
menertibkan,memberantakkan
mengabadikan,memusnahkan
mengabaikan,memperhatikan
mengabsahkan,mengilegalkan
mengacak-acak,merapikan
mengacuhkan,mengabaikan
mengadakan,meniadakan
mengagung-agungkan,merendahkan
mengagungkan,"mengecilkan, menghinakan"
mengairi,mengeringkan
mengajar,mempelajari
mengakhiri,"memulai, mengawali"
mengakhirkan,mengawalkan
mengakrabkan,merenggangkan
mengaktifkan,memasifkan
mengakui,memungkiri
mengamankan,"mengacaukan, membebaskan"
mengambang,melepaskan
mengambil,"menyimpan, menggulingkan, menjatuhkan, menjungkalkan, mengudeta, mengkup, , menunggingkan, merebahkan, "
mengangah,padam
mengangguk-angguk,menggeleng-geleng
mengantarai,merapatkan
mengap,terkatup
mengapung,tenggelam
mengapungkan,menenggelamkan
mengasah,menumpulkan
mengasingkan,menyatukan
mengatur,merusak
mengawali,mengakhiri
mengawalkan,mengakhirkan
mengayakan,memiskinkan
mengazabkan,menikmatkan
mengecil,membesar
mengecilkan,membesarkan
mengeluarkan,memasukkan
mengemas,membongkar
mengembung,mengempis
mengempis,mengembung
mengemudiankan,menyegerakan
mengenangkan,melupakan
mengencangkan,melambatkan
mengendalakan,membebaskan
mengentalkan,mencairkan
mengeratkan,merenggangkan
mengetatkan,melonggarkan
mengetepikan,"mengetengahkan, mengutamakan"
menggabungkan,memisahkan
menggadaikan,menebus
menggampangkan,mempersulit
menggarang,menjinakkan
menggembirakan,menyedihkan
menggunduli,menanami
menghabiskan,menyisakan
menghalalkan,mengharamkan
menghampiri,menjauhi
mengharamkan,menghalalkan
mengharumkan,membusukkan
menghebat,mereda
menghela,menolak
menghembus,mengisap
menghentikan,menjalankan
menghidupkan,memadamkan
menghujat,memuji
menghunjamkan,menghunuskan
menghunus,menghunjam
menghutankan,menggunduli
mengizinkan,melarang
mengkal,ranum
mengotori,membersihkan
mengsol,lurus
mengundurkan,memajukan
mengungkapkan,menutupi
menguntungkan,merugikan
mengurangi,menambah
mengurangkan,menambahkan
menguruk,menggali
mengurutkan,mengacak
mengutamakan,"membelakangkan, menomorduakan"
mengutang,membayar
meniadakan,mengadakan
meniarap,menelentang
meniarapkan,menelentangkan
menidakkan,mengiyakan
meniduri,membangunkan
menikahkan,menceraikan
meninggi,merendah
meninggikan,merendahkan
meningkat,menurun
meningkatkan,menurunkan
menipis,menebal
menitip(kan),mengambil
menjatuhkan,melambungkan
menjawab,bertanya
menolak,"menarik, menerima"
menolong,membiarkan
menonaktifkan,mengaktifkan
mentah,matang
menumpas,menumbuhkan
menunaikan,mencicil
menuntaskan,menunda
menurunkan,menaikkan
menusuk,mencabut
menyalahkan,membenarkan
menyarak,rujuk
menyarungkan,"mengeluarkan, mendedahkan"
menyasap,"menanam, menambah"
menyasarkan,mengundurkan
menyatukan,memisahkan
menyawar,membiarkan
menyayangi,membenci
menyayukan,menggembirakan
menyebalkan,menyenangkan
menyebar,menyatu
menyebarkan,menyatukan
menyedihkan,menggembirakan
menyelesaikan,memulai
menyenangi,membenci
menyengsarakan,menyenangkan
menyepelekan,membesar-besarkan
menyeragamkan,membedakan
menyerah,melawan
menyerang,menahan
menyetop,"menjalankan, memulai"
menyetujui,menolak
menyewa,membeli
menyingkat,memanjangkan
menyita,memberi
menyorong,menarik
menyulitkan,memudahkan
menyusahkan,meringankan
meragukan,meyakinkan
merahmati,melaknati
merampingkan,menggemukkan
merampungkan,menyisakan
merana,sehat
meranda,menduda
merapikan,memberantakkan
merdesa,merana
merdu,sumbang
merem,melek
meriah,"sepi, sunyi"
merugikan,untung
mesum,senonoh
meta,"rendah, hati, tawadu"
metaforis,denotatif
mewah,sederhana
meyakinkan,"meragukan, menyangsikan"
mikrokosmos,makrokosmos
militer,sipil
mini,maksi
minimal,maksimal
minimum,maksimum
minor,mayor
miring,"tegak, waras"
miskin,kaya
modern,kuno
modis,"ketinggalan, zaman"
mondial,spasial
monolog,dialog
moral,amoral
morat-marit,rapi
mortalitas,natalitas
muai,menciut
muda,tua
mudah,"susah, sukar, sulit"
mufrad,jamak
mujur,"sial, apes"
muka,belakang
mukados,kotor
mukhlis,curang
muktabar,hina
mula,"akhir, terakhir"
mulia,hina
multipel,simpel
multiplisitas,kehomogenan
mulur,mengerut
mulus,bopeng
mumpuni,bodoh
mumuk,padat
munafik,jujur
muncul,tenggelam
mundur,maju
mungkir,"patuh, setia"
munjung,datar
murah,mahal
muram,"ceria, cerah, berseri"
murid,"guru, mursyid"
murung,"senang, hati"
murup,"padam, sirep"
muskil,mungkin
mustahak,mudarat
mustahil,munasabah
musuh,"teman, kawan"
mutlak,"relatif, moderat"
mutung,semangat
muwalat,"berantara, berselang"
nahas,beruntung
naik,turun
najis,suci
nakal,"alim, patuh"
nanti,"sekarang, kini"
nasional,internasional
negatif,positif
neto,bruto
nikah,bercerai
nini,aki
nirwana,neraka
niskala,nyata
nona,tuan
nonaktif,aktif
normal,"abnormal, taknormal"
nyalang,"terkatup, terpejam"
objektif,subjektif
objektivitas,subjektivitas
obsolet,baru
ogah,mau
om,tante
oma,opa
opa,oma
open,ceroboh
optimistis,pesimistis
orang tua,anak
orisinal,"imitasi, tiruan"
otentik,"palsu, imitasi"
otomatis,manual
pacak,amatir
padam,menyala
padat,"lembek, lunak"
pailit,maju
pakcik,makcik
pakde,paklik
pakem,blong
paklik,pakde
palak,sabar
palsu,"asli, legal"
paman,"pakde, uak"
panas,dingin
pancamuka,"monodimensi, monofaset"
pancarona,ekawarna
pandai,bodoh
pandir,pandai
pangkal,ujung
panik,"tenang, diam"
panjang,pendek
pantang,halal
papa,"kaya, hartawan"
papakerma,"baik, hati"
paradoksal,konsisten
parah,biasa
parsial,universal
partikelir,negeri
pasif,aktif
paternal,maternal
paternalistis,maternalistis
patih,penentang
patuh,berontak
payah,"ringan, mudah, tabah"
pecat,"melantik, mengaktifkan"
pedagang,pembeli
peduli,"tak, acuh"
pegang,melepas
pejam,melek
pekat,encer
pelajar,pengajar
pelan,cepat
pelanggan,penjual
pelantikan,pencopotan
pelawan,pendukung
pelayan,"juragan, majikan"
peleburan,"pemadatan, pemisahan"
pelengseran,pelantikan
pelik,mudah
pelit,dermawan
peloh,potensi
pemakai,produsen
pemanas,pendingin
pemanfaatan,"kemudaratan, kerugian"
pemarah,penyabar
pemasukan,pengeluaran
pemasungan,pembebasan
pembakaran,pemadaman
pembalutan,penanggalan
pembangkang,penurut
pembangun,pemusnah
pembantah,penurut
pembebasan,pengungkungan
pembekuan,pencairan
pembelengguan,pembebasan
pembeli,penjual
pembelokan,pelurusan
pemberangsang,penyabar
pemberani,penakut
pemberkasan,penguraian
pemboros,pelit
pemborosan,pengiritan
pembubaran,penyatuan
pembukaan,penutupan
pemecatan,pengaktifan
pemenang,pecundang
pemencaran,penghimpunan
pemimpin,bawahan
pemisahan,penyatuan
pemuda,pemudi
pemungkas,"pembuka, prolog"
pemungutan,penaburan
pemutusan,penyambungan
penaikan,penurunan
penambahan,pengurangan
penampungan,pembuangan
penangkapan,pembebasan
penat,bugar
penatar,petatar
penawanan,pembebasan
pencaci,penyanjung
pencampuran,pemisahan
penceraian,penyatuan
penceramah,pendengar
pencinta,pembenci
pencopotan,pelantikan
pendahuluan,penutup
pendamai,provakator
pendatang,pribumi
pendek,panjang
pendepakan,"pemilihan, perangkulan"
pendidik,murid
pendingin,pemanas
pendistribusian,pengumpulan
penduduk,pendatang
penebus,penggadai
penerima,"pemberi, donor"
penerimaan,"pengeluaran, penolakan"
pengabadian,pemusnahan
pengabdian,pembangkangan
pengabulan,penolakan
pengacara,klien
pengagungan,penghinaan
pengairan,pengeringan
pengajar,pelajar
pengakhiran,permulaan
penganggur,pekerja
pengap,berangin
pengasahan,penumpulan
pengasingan,penyatuan
pengatur,perusak
pengecer,grosir
pengemis,penderma
pengetes,teruji
penggabungan,pemisahan
penggalangan,pembubaran
penggugat,tergugat
pengguna,produsen
penggundulan,penanaman
pengharaman,penghalalan
penghukuman,pembebasan
penghutanan,penggundulan
pengikut,musuh
pengimpor,pengekspor
pengingkaran,pengakuan
pengiritan,pemborosan
pengotoran,pembersihan
penguji,teruji
pengurangan,penambahan
pengutang,kreditor
peningkatan,penurunan
pensiun,karya
penuh,"longgar, kosong"
penumpasan,penumbuhan
penunaian,pencicilan
penyatuan,pemisahan
penyayang,pembenci
penyejuk,penghangat
penyek,mancung
penyeragaman,penganekaragaman
penyerangan,penahanan
penyerapan,penyemburan
penyerbuan,penahanan
penyetoran,peminjaman
pera,pulen
perampang,penyabar
perang,damai
perawan,"jejaka, perjaka"
perbalahan,perdamaian
perbanyakan,pengurangan
perceraian,persatuan
percuma,bayar
perdamaian,permusuhan
perempuan,laki-laki
pergi,datang
periodik,"dinamik, berubah, gerak"
perjaka,perawan
perjumpaan,perpisahan
perkasa,takut
perlente,"amburadul, lusuh"
permai,"jelek, hancur"
permuliaan,penghinaan
permusuhan,persahabatan
pernah,belum
pernikahan,perceraian
persamaan,perbedaan
persekutuan,permusuhan
persepakatan,pertentangan
perseteruan,persahabatan
persetujuan,penolakan
persis,beda
personal,kelompok
pertanyaan,jawaban
pertemanan,permusuhan
pertempuran,perdamaian
pertengkaran,perdamaian
pertentangan,perdamaian
pertikaian,perdamaian
pesai,tertata
pesek,mancung
pesimis,optimis
pesimisme,optimisme
pesuruh,majikan
petandang,"tuan, rumah"
petinggi,"pegawai, rendah"
pilon,cerdas
pindah,"tetap, diam"
pinggir,tengah
pingit,membebaskan
pintar,bodoh
plastis,kaku
plontos,gondrong
plural,homogen
pluralitas,"homogenitas, kehomogenan"
plus,minus
porno,susila
positif,negatif
prajurit,perwira
pramuwisma,"majikan, tuan"
prefiks,sufiks
preskriptif,deskriptif
prestasi,wanprestasi
priayi,rakyat
pribadi,umum
pribumi,"keturunan, ras"
prigel,ceroboh
primer,sekunder
primitif,modern
privat,"umum, terbuka"
pro,kontra
produktif,kontraproduktif
produsen,konsumen
profesional,amatir
progresif,konservatif
protagonis,antagonis
provinsialisme,nasionalisme
provisional,kekal
puan,tuan
puas,kecewa
publik,privat
pucat,segar
pucuk,ujung
pudar,cerah
pugak,"berpangku, tangan"
puji n,mencela
pujian,celaan
pulang,pergi
punca,pangkal
puncak,"antiklimaks, terbawah"
pungkasan,wiwitan
pungut,tabur
purba,"modern, sekarang"
purbasangka,baiksangka
purna,pra
purnakaryawan,karyawan
puruk,membangkitkan
pusparagam,seragam
puspawarna,seragam
putik,buah
putra,putri
putranda,ayahanda
putri,putra
putus,"sambung, berlanjut"
racau,diam
ragam,homogen
ragu-ragu,yakin
rahmat,laknat
rajin,malas
ramai,"senyap, sepi, sunyi"
ramping,"gemuk, gendut, gemuk"
randa,duda
rangkai,"pisah, lepas"
rangkap,tunggal
rapat,renggang
rapi,berantakan
rapuh,"kokoh, kuat, teguh"
rata,bergelombang
ratu,raja
reaksi,aksi
rebah,"berdiri, tegak"
recok,sepi
reda,ribut
rekan,musuh
rekrut,memecat
rela,pamrih
remuk,utuh
rendah,tinggi
renggang,rapat
repas,"kuat, padat"
repot,"senggang, leluasa"
rewel,penurut
ribut,damai
rimbun,gundul
ringan,berat
ringkas,panjang
riuh,"sepi, sunyi"
roboh,tegak
rudin,"kaya, raya"
rujuk,cerai
rumit,"gampang, mudah"
rumpil,"mudah, gampang"
runcing,tumpul
runtuh,"kokoh, kukuh"
rusuh,aman
ruwet,"sederhana, simpel"
saban-saban,jarang-jarang
safa,cela
salah,"betul, benar"
samar,jelas
sambutan,tolakan
sangar,subur
sangsai,bahagia
sangsi,yakin
sanjungan,cacian
sarit,"senang, kaya"
saru,sopan
satu,inferior
saya,"kamu, engkau"
sayang,benci
sayup-sayup,terang
sebal,mujur
sebentar,lama
secepat-cepatnya,selambat-lambatnya
sedeng,waras
sederhana,rumit
sedih,gembira
sedikit,banyak
sedikit-dikitnya,sebanyak-banyaknya
sedikit-sedikitnya,sebanyak-banyaknya
segar,loyo
sehat,sakit
sejahtera,menderita
sejati,palsu
sejuk,hangat
sekejap,lama
sekutu,musuh
selak,menutup
selalu,"berubah, fana"
selamat,celaka
selesa,sempit
selesai,mulai
semacam,aneka
sembrono,teliti
sembuh,sakit
sembunyi-sembunyi,terang-terangan
sempit,longgar
sempurna,cacat
semrawut,rapi
semu,nyata
senang,sedih
sendat,"longgar, lancar"
sendiri,"beramai-ramai, bergantung"
sengsara,senang
senior,junior
sentosa,melarat
sentralisasi,desentralisasi
senyap,bising
separuh,"seluruh, semua, utuh"
sepuh,anom
serang,tahan
serap,menyembur
serba,sama
serbu,menahan
serbuan,penahan
seri,paralel
serial,lepas
serius,main-main
serong,tegak
sesak,lapang
sesuai,salah
setelah,sebelum
seteru,sahabat
setinggi-tingginya,serendah-rendahnya
setor,meminjam
setoran,pinjaman
sial,mujur
sibuk,"santai, sepi"
sigap,lamban
silam,kini
simpan,mengambil
simpati,antipati
simpatik,menyebalkan
singkat,panjang
singkir,"menengah, mendekati"
singset,gembrot
singular,"jamak, plural"
singularitas,pluralitas
sinonim,antonim
sintetis,asli
sinting,waras
sipil,tentara
sirna,muncul
sistematis,acak-acakan
siswa,guru
siuman,pingsan
skeptis,yakin
soak,kuat
soal,jawaban
sok,"rendah, hati"
solid,pecah
sombong,"rendah, hati"
songong,sopan
sopan santun,songong
sorong,tarik
sorongan,tarikan
sosial,"individual, pelit"
spesial,"biasa, umum"
spesifik,"biasa, umum"
spiritual,jasmaniah
sportif,curang
stabil,labil
stagnan,dinamis
stagnasi,kedinamisan
start,"akhir, akhir, finis"
statis,dinamis
steril,"berkuman, subur"
stimulus,respons
stop,berjalan
sua,berpisah
suami,istri
subjektif,objektif
subordinat,atasan
subskrip,superskrip
subur,"tandus, mandul"
suci,kotor
sudah,"belum, mulai"
sufiks,prefiks
sugih,melarat
sukacita,dukacita
sukar,mudah
sulit,mudah
sumpek,lapang
sungguh-sungguh,main-main
sunyi,ramai
supel,kaku
superioritas,inferioritas
superskrip,subskrip
suram,terang
surga,neraka
surplus,minus
susah,mudah
tajam,tumpul
takabur,"rendah, hati"
takut,berani
talak,rujuk
tamat,mulai
tampak,"gaib, tenggelam"
tampan,jelek
tangguh,"loyo, lemah"
tangis,tawa
tangkap,"membebaskan, melepaskan, melempar"
tangkas,lamban
tangkis,menyerang
tangkup,telentang
tante,om
tanwujud,wujud
tanya,jawab
tarik,tolak
taut,melepaskan
tawan,"membebaskan, melepaskan"
tebal,"halus, jarang, lemah"
tebus,menggadai
teduh,"hujan, panas, rusuh"
tegang,kendur
tegap,loyo
tegar,cengeng
tegas,kabur
teguh,goyah
tekuk,meluruskan
tekun,main-main
telah,belum
telan,memuntahkan
telangkup,telentang
telantar,terpelihara
telat,tepat
telaten,ceroboh
tele,singkat
teledor,telaten
telentang,"menelangkup, menelingkup"
teliti,ceroboh
telungkup,menelentang
teman,musuh
tempel,"lepas, mencopot"
temperamental,"tenang, kalem"
temu,pisah
tenang,"bising, pemarah, rusuh"
tenat,bugar
tengadah,menunduk
tengah,pinggir
tengkurap,telentang
tensi,relaksasi
teoretis,nyata
tepat,salah
tepi,tengah
terabaikan,teperhatikan
teragak,terlupa
teragak-agak,pasti
terang,"gelap, kelam"
terapung-apung,tenggelam
teratas,terbawah
teratur,semrawut
terbaik,terburuk
terbangun,tertidur
terbanyak,tersedikit
terbelakang,terdepan
terbelenggu,terlepas
terbenam,terbit
terberkas,terurai
terbit,tenggelam
tercampur,terpisah
tercapai,gagal
tercurah,terpendam
tercurahkan,terpendam
terdahulu,terakhir
terdepak,terpilih
terdepan,terbelakang
terdongak,tertunduk
tergabung,terpisah
terhambat,lancar
terhantar,terpelihara
terhukum,terbebas
terhunus,terhunjam
terik,"longgar, dingin"
terikat,terbebas
terkenang,terlupa
terlepas,menempel
terlupa,teringat
termasyhur,terbelakang
termulia,terhinakan
terpasung,terbebas
terpatah-patah,lancar
terputus,tersambung
tersarung,"terdedah, tertanggal"
terselak,tertutup
tersendat,lancar
tersendat-sendat,lancar
tersentralisasi,terpisah
tersingkir,terpilih
tersisih,terpilih
tersorong,tertarik
tersurat,tersirat
tertagak-tagak,tergesa-gesa
tertancap,tercabut
tertangkap,terlepas
tertangkup,bertelentang
tertata,berantakan
tertawan,terbebas
tertib,berantakan
tertinggi,terendah
teruk,ringan
teruna,dara
terus,"tunda, berhenti"
terus terang,berbohong
tewas,"hidup, cak, menang"
tiarap,telentang
tidak,ya
tidur,terjaga
tikai,damai
timbul,tenggelam
tinggi,"pendek, hina, rendah"
tipis,tebal
tiruan,asli
tirus,pepat
tolakan,dorongan
tolol,cerdik
top,terbawah
totok,peranakan
tradisi,modern
transparan,"gelap, tertutup"
transparansi,ketertutupan
trengginas,lamban
tua,"muda, baru, mentah, muda"
tuan,pembantu
tugas,pensiun
tulen,palsu
tumbang,"berdiri, tegak"
tumbuh,"mati, (tanaman)"
tumpul,tajam
tunai,cicil
tunduk,"tegak, melawan, membangkang"
tuntas,ada
turun,naik
tutup,membuka
uda,uni
udik,kota
ujang,neng
ujung,pangkal
ungkap,menutup
uniform,"berbeda, berlainan"
unik,biasa
universal,lokal
untung,rugi
uruk,gali
usah,biar
usai,berlangsung
usang,baru
usil,alim
usir,mengundang
utama,penunjang
utuh,rumpang
uzur,belia
vakum,"isi, penuh"
valid,"takvalid, ilegal"
variabilitas,homogenitas
vertikal,horizontal
visibel,tersembunyi
vulgar,sopan
wajib,sunah
wanita,pria
waras,gila
waspada,lalai
ya,"bukan, tidak"
yakin,ragu-ragu
zalim,baik
